experimentId,experimentStartTime,failureStartTime,recoveryTime,targetService,failureType,configuredFailureDuration,actualRecoveryDuration,totalRequests,successfulRequests,failedRequests,errorRate,averageResponseTime,peakResponseTime,affectedServices,cascadingFailure,experimentResult,experimentExecutionStatus,injectedLatencyMilliseconds
"EXP-001","2026-08-22T21:51:41.343Z","2026-08-22T21:51:41.561Z","2026-08-22T21:52:14.465Z","payment-service","stop","30","32.9","10","2","8","80","1633.5","2005","payment-service;order-service","true","SUCCESS","COMPLETED","0"
"EXP-002","2026-08-22T22:08:05.223Z","2026-08-22T22:08:06.007Z","2026-08-22T22:08:19.382Z","payment-service","stop","10","13.38","10","1","9","90","1629.1","2015","payment-service;order-service","true","SUCCESS","COMPLETED","0"
"EXP-003","2026-08-22T22:08:47.859Z","2026-08-22T22:08:47.957Z","2026-08-22T22:08:59.273Z","payment-service","stop","10","11.32","10","1","9","90","1440.2","2004","payment-service;order-service","true","SUCCESS","COMPLETED","0"
"EXP-004","2026-08-22T22:09:01.008Z","2026-08-22T22:09:01.052Z","2026-08-22T22:09:22.246Z","payment-service","stop","20","21.19","10","1","9","90","1441.4","2003","payment-service;order-service","true","SUCCESS","COMPLETED","0"
"EXP-005","2026-08-22T22:09:24.097Z","2026-08-22T22:09:24.120Z","2026-08-22T22:09:55.475Z","payment-service","stop","30","31.36","10","1","9","90","1458.8","2001","payment-service;order-service","true","SUCCESS","COMPLETED","0"
"EXP-006","2026-08-22T22:09:57.209Z","2026-08-22T22:09:57.230Z","2026-08-22T22:10:10.216Z","order-service","stop","10","12.99","10","3","7","70","1573.8","2003","order-service","false","SUCCESS","COMPLETED","0"
"EXP-007","2026-08-22T22:10:10.354Z","2026-08-22T22:10:10.380Z","2026-08-22T22:10:33.218Z","order-service","stop","20","22.84","10","2","8","80","1604.9","2001","order-service","false","SUCCESS","COMPLETED","0"
"EXP-008","2026-08-22T22:10:33.452Z","2026-08-22T22:10:33.471Z","2026-08-22T22:10:45.522Z","notification-service","stop","10","12.05","10","3","7","70","1490.3","2006","notification-service;payment-service;order-service","true","SUCCESS","COMPLETED","0"
"EXP-009","2026-08-22T22:10:46.529Z","2026-08-22T22:10:46.543Z","2026-08-22T22:11:09.681Z","notification-service","stop","20","23.14","10","2","8","80","1635.4","2003","notification-service;payment-service;order-service","true","SUCCESS","COMPLETED","0"
"EXP-010","2026-08-22T22:11:09.804Z","2026-08-22T22:11:09.820Z","2026-08-22T22:11:20.868Z","payment-service","restart","10","11.05","10","10","0","0","46.8","61","payment-service","false","SUCCESS","COMPLETED","0"
"EXP-011","2026-08-22T22:11:22.891Z","2026-08-22T22:11:22.905Z","2026-08-22T22:11:43.988Z","payment-service","restart","20","21.08","10","10","0","0","37.5","52","payment-service","false","SUCCESS","COMPLETED","0"
"EXP-012","2026-08-22T22:11:45.966Z","2026-08-22T22:11:45.982Z","2026-08-22T22:11:56.980Z","order-service","restart","10","11","10","10","0","0","50.5","62","order-service","false","SUCCESS","COMPLETED","0"
"EXP-013","2026-08-22T22:11:59.038Z","2026-08-22T22:11:59.049Z","2026-08-22T22:12:20.175Z","order-service","restart","20","21.13","10","10","0","0","49.8","64","order-service","false","SUCCESS","COMPLETED","0"
"EXP-014","2026-08-22T22:12:22.163Z","2026-08-22T22:12:22.186Z","2026-08-22T22:12:33.263Z","notification-service","restart","10","11.08","10","10","0","0","41","50","notification-service","false","SUCCESS","COMPLETED","0"
"EXP-015","2026-08-22T22:12:35.242Z","2026-08-22T22:12:35.254Z","2026-08-22T22:12:56.321Z","notification-service","restart","20","21.07","10","10","0","0","68.6","91","notification-service","false","SUCCESS","COMPLETED","0"
"EXP-016","2026-08-22T22:12:58.317Z","2026-08-22T22:12:58.328Z","2026-08-22T22:13:09.625Z","payment-service","stop","10","11.3","10","1","9","90","1432.7","2002","payment-service;order-service","true","SUCCESS","COMPLETED","0"
"EXP-017","2026-08-22T22:13:11.393Z","2026-08-22T22:13:11.410Z","2026-08-22T22:13:22.419Z","order-service","stop","10","11.01","10","1","9","90","1363.1","2002","order-service","false","SUCCESS","COMPLETED","0"
"EXP-018","2026-08-22T22:13:24.470Z","2026-08-22T22:13:24.485Z","2026-08-22T22:13:35.862Z","notification-service","stop","10","11.38","10","1","9","90","1450.9","2001","notification-service;payment-service;order-service","true","SUCCESS","COMPLETED","0"
"EXP-019","2026-08-22T22:13:37.542Z","2026-08-22T22:13:37.556Z","2026-08-22T22:13:48.590Z","payment-service","restart","10","11.03","10","10","0","0","45.2","62","payment-service","false","SUCCESS","COMPLETED","0"
"EXP-020","2026-08-22T22:13:50.633Z","2026-08-22T22:13:50.648Z","2026-08-22T22:14:01.634Z","order-service","restart","10","10.99","10","10","0","0","37.5","49","order-service","false","SUCCESS","COMPLETED","0"
"EXP-021","2026-08-22T22:14:03.746Z","2026-08-22T22:14:03.762Z","2026-08-22T22:14:14.783Z","notification-service","restart","10","11.02","10","10","0","0","40","60","notification-service","false","SUCCESS","COMPLETED","0"
"EXP-022","2026-08-22T22:14:16.861Z","2026-08-22T22:14:16.876Z","2026-08-22T22:14:37.990Z","payment-service","stop","20","21.11","10","1","9","90","1435.8","2001","payment-service;order-service","true","SUCCESS","COMPLETED","0"
"EXP-023","2026-08-22T22:25:27.782Z","2026-08-22T22:25:27.942Z","2026-08-22T22:25:36.368Z","payment-service","stop","5","8.43","10","2","8","80","1642.6","2004","payment-service;order-service","true","SUCCESS","COMPLETED","0"
"EXP-024","2026-08-22T22:25:38.836Z","2026-08-22T22:25:38.854Z","2026-08-22T22:25:46.324Z","payment-service","stop","5","7.47","10","3","7","70","1574.3","2003","payment-service;order-service","true","SUCCESS","COMPLETED","0"
"EXP-025","2026-08-22T22:25:49.934Z","2026-08-22T22:25:49.947Z","2026-08-22T22:25:57.421Z","payment-service","stop","5","7.47","10","3","7","70","1571.4","2002","payment-service;order-service","true","SUCCESS","COMPLETED","0"
"EXP-026","2026-08-22T22:26:01.044Z","2026-08-22T22:26:01.059Z","2026-08-22T22:26:08.608Z","payment-service","stop","5","7.55","10","3","7","70","1578.7","2003","payment-service;order-service","true","SUCCESS","COMPLETED","0"
"EXP-027","2026-08-22T22:26:12.142Z","2026-08-22T22:26:12.155Z","2026-08-22T22:26:24.215Z","payment-service","stop","10","12.06","10","5","5","50","1750.5","3007","payment-service;order-service","true","SUCCESS","COMPLETED","0"
"EXP-028","2026-08-22T22:28:07.295Z","2026-08-22T22:28:07.358Z","2026-08-22T22:28:14.989Z","payment-service","stop","5","7.63","10","3","7","70","1591.8","2005","payment-service;order-service","true","SUCCESS","COMPLETED","0"
"EXP-029","2026-08-22T22:28:18.387Z","2026-08-22T22:28:18.402Z","2026-08-22T22:28:25.889Z","payment-service","stop","5","7.49","10","3","7","70","1568.9","2002","payment-service;order-service","true","SUCCESS","COMPLETED","0"
"EXP-030","2026-08-22T22:28:29.493Z","2026-08-22T22:28:29.509Z","2026-08-22T22:28:36.980Z","payment-service","stop","5","7.47","10","3","7","70","1569.8","2001","payment-service;order-service","true","SUCCESS","COMPLETED","0"
"EXP-031","2026-08-22T22:28:40.600Z","2026-08-22T22:28:40.617Z","2026-08-22T22:28:48.069Z","payment-service","stop","5","7.45","10","3","7","70","1571.4","2002","payment-service;order-service","true","SUCCESS","COMPLETED","0"
"EXP-032","2026-08-22T22:28:51.718Z","2026-08-22T22:28:51.735Z","2026-08-22T22:29:03.838Z","payment-service","stop","10","12.1","10","3","7","70","1532.2","2003","payment-service;order-service","true","SUCCESS","COMPLETED","0"
"EXP-033","2026-08-22T22:30:35.041Z","2026-08-22T22:30:35.062Z","2026-08-22T22:30:42.728Z","payment-service","stop","5","7.67","10","3","7","70","1591.3","2002","payment-service;order-service","true","SUCCESS","COMPLETED","0"
"EXP-034","2026-08-22T22:30:46.173Z","2026-08-22T22:30:46.191Z","2026-08-22T22:30:53.634Z","payment-service","stop","5","7.44","10","3","7","70","1571.3","2002","payment-service;order-service","true","SUCCESS","COMPLETED","0"
"EXP-035","2026-08-22T22:30:57.271Z","2026-08-22T22:30:57.286Z","2026-08-22T22:31:04.757Z","payment-service","stop","5","7.47","10","3","7","70","1571.7","2001","payment-service;order-service","true","SUCCESS","COMPLETED","0"
"EXP-036","2026-08-22T22:31:08.383Z","2026-08-22T22:31:08.401Z","2026-08-22T22:31:15.999Z","payment-service","stop","5","7.6","10","3","7","70","1584.1","2002","payment-service;order-service","true","SUCCESS","COMPLETED","0"
"EXP-037","2026-08-22T22:31:19.487Z","2026-08-22T22:31:19.503Z","2026-08-22T22:31:31.567Z","payment-service","stop","10","12.06","10","3","7","70","1530","2002","payment-service;order-service","true","SUCCESS","COMPLETED","0"
"EXP-038","2026-08-22T22:31:35.607Z","2026-08-22T22:31:35.628Z","2026-08-22T22:31:47.298Z","payment-service","stop","10","11.67","10","3","7","70","1491.5","2002","payment-service;order-service","true","SUCCESS","COMPLETED","0"
"EXP-039","2026-08-22T22:31:51.721Z","2026-08-22T22:31:51.738Z","2026-08-22T22:32:02.980Z","payment-service","stop","10","11.24","10","1","9","90","1418.7","2002","payment-service;order-service","true","SUCCESS","COMPLETED","0"
"EXP-040","2026-08-22T22:32:07.827Z","2026-08-22T22:32:07.846Z","2026-08-22T22:32:18.922Z","payment-service","stop","10","11.08","10","1","9","90","1386.6","2002","payment-service;order-service","true","SUCCESS","COMPLETED","0"
"EXP-041","2026-08-22T22:32:23.936Z","2026-08-22T22:32:23.953Z","2026-08-22T22:32:45.162Z","payment-service","stop","20","21.21","10","1","9","90","1447.1","2002","payment-service;order-service","true","SUCCESS","COMPLETED","0"
"EXP-042","2026-08-22T22:32:50.043Z","2026-08-22T22:32:50.067Z","2026-08-22T22:33:11.387Z","payment-service","stop","20","21.32","10","1","9","90","1458.4","2002","payment-service;order-service","true","SUCCESS","COMPLETED","0"
"EXP-043","2026-08-22T22:33:16.146Z","2026-08-22T22:33:16.165Z","2026-08-22T22:33:39.017Z","payment-service","stop","20","22.85","10","2","8","80","1611.1","2002","payment-service;order-service","true","SUCCESS","COMPLETED","0"
"EXP-044","2026-08-22T22:33:42.248Z","2026-08-22T22:33:42.265Z","2026-08-22T22:34:04.086Z","payment-service","stop","20","21.82","10","3","7","70","1507.3","2002","payment-service;order-service","true","SUCCESS","COMPLETED","0"
"EXP-045","2026-08-22T22:34:08.378Z","2026-08-22T22:34:08.398Z","2026-08-22T22:34:39.394Z","payment-service","stop","30","31","10","1","9","90","1420.9","2002","payment-service;order-service","true","SUCCESS","COMPLETED","0"
"EXP-046","2026-08-22T22:34:44.540Z","2026-08-22T22:34:44.565Z","2026-08-22T22:35:16.881Z","payment-service","stop","30","32.32","10","3","7","70","1558.6","2002","payment-service;order-service","true","SUCCESS","COMPLETED","0"
"EXP-047","2026-08-22T22:35:20.699Z","2026-08-22T22:35:20.716Z","2026-08-22T22:35:52.416Z","payment-service","stop","30","31.7","10","3","7","70","1491.7","2002","payment-service;order-service","true","SUCCESS","COMPLETED","0"
"EXP-048","2026-08-22T22:35:56.830Z","2026-08-22T22:35:56.847Z","2026-08-22T22:36:28.799Z","payment-service","stop","30","31.95","10","3","7","70","1518.6","2002","payment-service;order-service","true","SUCCESS","COMPLETED","0"
"EXP-049","2026-08-22T22:36:32.947Z","2026-08-22T22:36:32.967Z","2026-08-22T22:37:35.859Z","payment-service","stop","60","62.89","10","2","8","80","1611.7","2002","payment-service;order-service","true","SUCCESS","COMPLETED","0"
"EXP-050","2026-08-22T22:37:39.064Z","2026-08-22T22:37:39.085Z","2026-08-22T22:38:40.178Z","payment-service","stop","60","61.09","10","1","9","90","1436.2","2002","payment-service;order-service","true","SUCCESS","COMPLETED","0"
"EXP-051","2026-08-22T22:38:45.221Z","2026-08-22T22:38:45.243Z","2026-08-22T22:39:47.636Z","payment-service","stop","60","62.39","10","3","7","70","1561.6","2001","payment-service;order-service","true","SUCCESS","COMPLETED","0"
"EXP-052","2026-08-22T22:39:51.348Z","2026-08-22T22:39:51.370Z","2026-08-22T22:40:52.807Z","payment-service","stop","60","61.44","10","1","9","90","1469.2","2001","payment-service;order-service","true","SUCCESS","COMPLETED","0"
"EXP-053","2026-08-22T22:40:57.455Z","2026-08-22T22:40:57.477Z","2026-08-22T22:41:03.540Z","payment-service","restart","5","6.06","10","10","0","0","52.1","73","payment-service","false","SUCCESS","COMPLETED","0"
"EXP-054","2026-08-22T22:41:09.095Z","2026-08-22T22:41:09.115Z","2026-08-22T22:41:15.065Z","payment-service","restart","5","5.95","10","10","0","0","32.5","44","payment-service","false","SUCCESS","COMPLETED","0"
"EXP-055","2026-08-22T22:41:20.361Z","2026-08-22T22:41:20.391Z","2026-08-22T22:41:26.514Z","payment-service","restart","5","6.12","10","10","0","0","35.4","46","payment-service","false","SUCCESS","COMPLETED","0"
"EXP-056","2026-08-22T22:41:31.512Z","2026-08-22T22:41:31.537Z","2026-08-22T22:41:37.504Z","payment-service","restart","5","5.97","10","10","0","0","27.5","36","payment-service","false","SUCCESS","COMPLETED","0"
"EXP-057","2026-08-22T22:41:42.626Z","2026-08-22T22:41:42.644Z","2026-08-22T22:41:53.762Z","payment-service","restart","10","11.12","10","10","0","0","57.9","77","payment-service","false","SUCCESS","COMPLETED","0"
"EXP-058","2026-08-22T22:41:58.718Z","2026-08-22T22:41:58.731Z","2026-08-22T22:42:09.748Z","payment-service","restart","10","11.02","10","10","0","0","34.1","47","payment-service","false","SUCCESS","COMPLETED","0"
"EXP-059","2026-08-22T22:42:14.820Z","2026-08-22T22:42:14.832Z","2026-08-22T22:42:25.915Z","payment-service","restart","10","11.08","10","10","0","0","34.2","44","payment-service","false","SUCCESS","COMPLETED","0"
"EXP-060","2026-08-22T22:42:30.926Z","2026-08-22T22:42:30.946Z","2026-08-22T22:42:41.937Z","payment-service","restart","10","10.99","10","10","0","0","30.5","41","payment-service","false","SUCCESS","COMPLETED","0"
"EXP-061","2026-08-22T22:42:47.015Z","2026-08-22T22:42:47.033Z","2026-08-22T22:43:08.018Z","payment-service","restart","20","20.98","10","10","0","0","34","46","payment-service","false","SUCCESS","COMPLETED","0"
"EXP-062","2026-08-22T22:43:13.121Z","2026-08-22T22:43:13.137Z","2026-08-22T22:43:34.159Z","payment-service","restart","20","21.02","10","10","0","0","30.3","41","payment-service","false","SUCCESS","COMPLETED","0"
"EXP-063","2026-08-22T22:43:39.211Z","2026-08-22T22:43:39.224Z","2026-08-22T22:44:00.177Z","payment-service","restart","20","20.95","10","10","0","0","31.9","42","payment-service","false","SUCCESS","COMPLETED","0"
"EXP-064","2026-08-22T22:44:05.309Z","2026-08-22T22:44:05.323Z","2026-08-22T22:44:26.345Z","payment-service","restart","20","21.02","10","10","0","0","30.8","44","payment-service","false","SUCCESS","COMPLETED","0"
"EXP-065","2026-08-22T22:44:31.398Z","2026-08-22T22:44:31.418Z","2026-08-22T22:45:02.436Z","payment-service","restart","30","31.02","10","10","0","0","39.6","48","payment-service","false","SUCCESS","COMPLETED","0"
"EXP-066","2026-08-22T22:45:07.488Z","2026-08-22T22:45:07.503Z","2026-08-22T22:45:38.476Z","payment-service","restart","30","30.97","10","10","0","0","31.9","46","payment-service","false","SUCCESS","COMPLETED","0"
"EXP-067","2026-08-22T22:45:43.599Z","2026-08-22T22:45:43.628Z","2026-08-22T22:46:14.726Z","payment-service","restart","30","31.1","10","10","0","0","49.2","63","payment-service","false","SUCCESS","COMPLETED","0"
"EXP-068","2026-08-22T22:46:19.694Z","2026-08-22T22:46:19.710Z","2026-08-22T22:46:50.738Z","payment-service","restart","30","31.03","10","10","0","0","46.7","64","payment-service","false","SUCCESS","COMPLETED","0"
"EXP-069","2026-08-22T22:46:55.807Z","2026-08-22T22:46:55.829Z","2026-08-22T22:47:56.962Z","payment-service","restart","60","61.13","10","10","0","0","45.4","56","payment-service","false","SUCCESS","COMPLETED","0"
"EXP-070","2026-08-22T22:48:01.902Z","2026-08-22T22:48:01.916Z","2026-08-22T22:49:02.920Z","payment-service","restart","60","61","10","10","0","0","55.6","80","payment-service","false","SUCCESS","COMPLETED","0"
"EXP-071","2026-08-22T22:49:08.001Z","2026-08-22T22:49:08.016Z","2026-08-22T22:50:09.047Z","payment-service","restart","60","61.03","10","10","0","0","36.4","46","payment-service","false","SUCCESS","COMPLETED","0"
"EXP-072","2026-08-22T22:50:14.106Z","2026-08-22T22:50:14.120Z","2026-08-22T22:51:15.108Z","payment-service","restart","60","60.99","10","10","0","0","29.2","39","payment-service","false","SUCCESS","COMPLETED","0"
"EXP-073","2026-08-22T22:51:20.227Z","2026-08-22T22:51:20.237Z","2026-08-22T22:51:26.607Z","order-service","stop","5","6.37","10","1","9","90","1251.6","2001","order-service","false","SUCCESS","COMPLETED","0"
"EXP-074","2026-08-22T22:51:31.321Z","2026-08-22T22:51:31.338Z","2026-08-22T22:51:37.368Z","order-service","stop","5","6.03","10","1","9","90","1243.3","2001","order-service","false","SUCCESS","COMPLETED","0"
"EXP-075","2026-08-22T22:51:42.416Z","2026-08-22T22:51:42.429Z","2026-08-22T22:51:48.453Z","order-service","stop","5","6.02","10","1","9","90","1250.3","2002","order-service","false","SUCCESS","COMPLETED","0"
"EXP-076","2026-08-22T22:51:53.515Z","2026-08-22T22:51:53.529Z","2026-08-22T22:51:59.508Z","order-service","stop","5","5.98","10","1","9","90","1250.5","2002","order-service","false","SUCCESS","COMPLETED","0"
"EXP-077","2026-08-22T22:52:04.595Z","2026-08-22T22:52:04.608Z","2026-08-22T22:52:15.572Z","order-service","stop","10","10.96","10","1","9","90","1359.1","2001","order-service","false","SUCCESS","COMPLETED","0"
"EXP-078","2026-08-22T22:52:20.691Z","2026-08-22T22:52:20.707Z","2026-08-22T22:52:31.705Z","order-service","stop","10","11","10","1","9","90","1361.8","2002","order-service","false","SUCCESS","COMPLETED","0"
"EXP-079","2026-08-22T22:52:36.782Z","2026-08-22T22:52:36.796Z","2026-08-22T22:52:47.760Z","order-service","stop","10","10.96","10","1","9","90","1362.2","2001","order-service","false","SUCCESS","COMPLETED","0"
"EXP-080","2026-08-22T22:52:52.894Z","2026-08-22T22:52:52.911Z","2026-08-22T22:53:05.236Z","order-service","stop","10","12.32","10","3","7","70","1558.5","2001","order-service","false","SUCCESS","COMPLETED","0"
"EXP-081","2026-08-22T22:53:08.988Z","2026-08-22T22:53:09.002Z","2026-08-22T22:53:31.770Z","order-service","stop","20","22.77","10","2","8","80","1603.3","2001","order-service","false","SUCCESS","COMPLETED","0"
"EXP-082","2026-08-22T22:53:35.118Z","2026-08-22T22:53:35.227Z","2026-08-22T22:53:58.015Z","order-service","stop","20","22.79","10","2","8","80","1612.8","2001","order-service","false","SUCCESS","COMPLETED","0"
"EXP-083","2026-08-22T22:54:01.211Z","2026-08-22T22:54:01.228Z","2026-08-22T22:54:23.998Z","order-service","stop","20","22.77","10","2","8","80","1603","2001","order-service","false","SUCCESS","COMPLETED","0"
"EXP-084","2026-08-22T22:54:27.299Z","2026-08-22T22:54:27.315Z","2026-08-22T22:54:50.071Z","order-service","stop","20","22.76","10","2","8","80","1603.2","2001","order-service","false","SUCCESS","COMPLETED","0"
"EXP-085","2026-08-22T22:54:53.397Z","2026-08-22T22:54:53.409Z","2026-08-22T22:55:26.292Z","order-service","stop","30","32.88","10","2","8","80","1610.7","2001","order-service","false","SUCCESS","COMPLETED","0"
"EXP-086","2026-08-22T22:55:29.487Z","2026-08-22T22:55:29.502Z","2026-08-22T22:56:02.279Z","order-service","stop","30","32.78","10","2","8","80","1603.4","2002","order-service","false","SUCCESS","COMPLETED","0"
"EXP-087","2026-08-22T22:56:05.570Z","2026-08-22T22:56:05.583Z","2026-08-22T22:56:38.348Z","order-service","stop","30","32.77","10","2","8","80","1602.9","2001","order-service","false","SUCCESS","COMPLETED","0"
"EXP-088","2026-08-22T22:56:41.676Z","2026-08-22T22:56:41.691Z","2026-08-22T22:57:14.504Z","order-service","stop","30","32.81","10","2","8","80","1603.8","2001","order-service","false","SUCCESS","COMPLETED","0"
"EXP-089","2026-08-22T22:57:17.804Z","2026-08-22T22:57:17.824Z","2026-08-22T22:58:20.701Z","order-service","stop","60","62.88","10","2","8","80","1610.9","2002","order-service","false","SUCCESS","COMPLETED","0"
"EXP-090","2026-08-22T22:58:23.904Z","2026-08-22T22:58:23.922Z","2026-08-22T22:59:26.713Z","order-service","stop","60","62.79","10","2","8","80","1603.8","2002","order-service","false","SUCCESS","COMPLETED","0"
"EXP-091","2026-08-22T22:59:30.010Z","2026-08-22T22:59:30.026Z","2026-08-22T23:00:32.804Z","order-service","stop","60","62.78","10","2","8","80","1603.7","2002","order-service","false","SUCCESS","COMPLETED","0"
"EXP-092","2026-08-22T23:00:36.111Z","2026-08-22T23:00:36.128Z","2026-08-22T23:01:38.994Z","order-service","stop","60","62.87","10","2","8","80","1611.1","2001","order-service","false","SUCCESS","COMPLETED","0"
"EXP-093","2026-08-23T04:09:31.866Z","2026-08-23T04:09:32.120Z","2026-08-23T04:09:40.659Z","payment-service","stop","5","8.54","10","5","5","50","1565.4","3017","payment-service;order-service","true","SUCCESS","COMPLETED","0"
"EXP-094","2026-08-23T04:09:42.956Z","2026-08-23T04:09:42.982Z","2026-08-23T04:09:50.398Z","payment-service","stop","5","7.42","25","15","10","40","1531.96","3025","payment-service;order-service","true","SUCCESS","COMPLETED","0"
"EXP-095","2026-08-23T04:09:54.097Z","2026-08-23T04:09:54.137Z","2026-08-23T04:10:01.657Z","payment-service","stop","5","7.52","50","29","21","42","1565.48","3027","payment-service;order-service","true","SUCCESS","COMPLETED","0"
"EXP-096","2026-08-23T04:10:05.243Z","2026-08-23T04:10:05.264Z","2026-08-23T04:10:12.947Z","payment-service","stop","5","7.68","100","55","45","45","1633.7","3023","payment-service;order-service","true","SUCCESS","COMPLETED","0"
"EXP-097","2026-08-23T04:10:16.357Z","2026-08-23T04:10:16.379Z","2026-08-23T04:10:28.407Z","payment-service","stop","10","12.03","10","5","5","50","1746.9","3007","payment-service;order-service","true","SUCCESS","COMPLETED","0"
"EXP-098","2026-08-23T04:10:32.459Z","2026-08-23T04:10:32.479Z","2026-08-23T04:10:44.171Z","payment-service","stop","10","11.69","25","12","13","52","1782.72","3008","payment-service;order-service","true","SUCCESS","COMPLETED","0"
"EXP-099","2026-08-23T04:10:48.585Z","2026-08-23T04:10:48.603Z","2026-08-23T04:10:59.847Z","payment-service","stop","10","11.24","50","13","37","74","1767.86","3007","payment-service;order-service","true","SUCCESS","COMPLETED","0"
"EXP-100","2026-08-23T04:11:04.737Z","2026-08-23T04:11:04.753Z","2026-08-23T04:11:15.832Z","payment-service","stop","10","11.08","100","26","74","74","1768.61","3009","payment-service;order-service","true","SUCCESS","COMPLETED","0"
"EXP-101","2026-08-23T04:11:20.819Z","2026-08-23T04:11:20.830Z","2026-08-23T04:11:42.104Z","payment-service","stop","20","21.27","10","3","7","70","1995.7","3005","payment-service;order-service","true","SUCCESS","COMPLETED","0"
"EXP-102","2026-08-23T04:11:46.942Z","2026-08-23T04:11:46.965Z","2026-08-23T04:12:08.339Z","payment-service","stop","20","21.37","25","5","20","80","2240.64","3009","payment-service;order-service","true","SUCCESS","COMPLETED","0"
"EXP-103","2026-08-23T04:12:13.300Z","2026-08-23T04:12:13.346Z","2026-08-23T04:12:36.347Z","payment-service","stop","20","23","50","11","39","78","2447.98","3012","payment-service;order-service","true","SUCCESS","COMPLETED","0"
"EXP-104","2026-08-23T04:12:39.425Z","2026-08-23T04:12:39.443Z","2026-08-23T04:13:02.384Z","payment-service","stop","20","22.94","100","22","78","78","2481.31","3100","payment-service;order-service","true","SUCCESS","COMPLETED","0"
"EXP-105","2026-08-23T04:13:05.536Z","2026-08-23T04:13:05.561Z","2026-08-23T04:13:38.145Z","payment-service","stop","30","32.58","10","2","8","80","2225.5","3023","payment-service;order-service","true","SUCCESS","COMPLETED","0"
"EXP-106","2026-08-23T04:13:42.198Z","2026-08-23T04:13:42.226Z","2026-08-23T04:14:14.713Z","payment-service","stop","30","32.49","25","3","22","88","2459.28","3012","payment-service;order-service","true","SUCCESS","COMPLETED","0"
"EXP-107","2026-08-23T04:14:18.310Z","2026-08-23T04:14:18.375Z","2026-08-23T04:14:49.397Z","payment-service","stop","30","31.02","50","6","44","88","2461.54","3009","payment-service;order-service","true","SUCCESS","COMPLETED","0"
"EXP-108","2026-08-23T04:14:54.728Z","2026-08-23T04:14:54.752Z","2026-08-23T04:15:26.421Z","payment-service","stop","30","31.67","100","19","81","81","2493.32","3023","payment-service;order-service","true","SUCCESS","COMPLETED","0"
"EXP-109","2026-08-23T04:15:30.777Z","2026-08-23T04:15:30.786Z","2026-08-23T04:16:33.744Z","payment-service","stop","60","62.96","10","2","8","80","2411.7","3018","payment-service;order-service","true","SUCCESS","COMPLETED","0"
"EXP-110","2026-08-23T04:16:37.265Z","2026-08-23T04:16:37.298Z","2026-08-23T04:17:38.515Z","payment-service","stop","60","61.22","25","4","21","84","2631.04","3011","payment-service;order-service","true","SUCCESS","COMPLETED","0"
"EXP-111","2026-08-23T04:17:43.499Z","2026-08-23T04:17:43.549Z","2026-08-23T04:18:44.726Z","payment-service","stop","60","61.18","50","4","46","92","2674.7","3010","payment-service;order-service","true","SUCCESS","COMPLETED","0"
"EXP-112","2026-08-23T04:18:49.721Z","2026-08-23T04:18:49.758Z","2026-08-23T04:19:51.072Z","payment-service","stop","60","61.31","100","7","93","93","2695.4","3010","payment-service;order-service","true","SUCCESS","COMPLETED","0"
"EXP-113","2026-08-23T04:19:55.822Z","2026-08-23T04:19:55.836Z","2026-08-23T04:20:01.783Z","payment-service","restart","5","5.95","10","9","1","10","19.2","91","payment-service;order-service","true","SUCCESS","COMPLETED","0"
"EXP-114","2026-08-23T04:20:06.964Z","2026-08-23T04:20:06.978Z","2026-08-23T04:20:12.940Z","payment-service","restart","5","5.96","25","22","3","12","112.52","2506","payment-service;order-service","true","SUCCESS","COMPLETED","0"
"EXP-115","2026-08-23T04:20:18.049Z","2026-08-23T04:20:18.060Z","2026-08-23T04:20:24.019Z","payment-service","restart","5","5.96","50","44","6","12","60.64","2508","payment-service;order-service","true","SUCCESS","COMPLETED","0"
"EXP-116","2026-08-23T04:20:29.149Z","2026-08-23T04:20:29.163Z","2026-08-23T04:20:35.179Z","payment-service","restart","5","6.02","100","92","8","8","380.79","2511","payment-service;order-service","true","SUCCESS","COMPLETED","0"
"EXP-117","2026-08-23T04:20:40.532Z","2026-08-23T04:20:40.555Z","2026-08-23T04:20:51.654Z","payment-service","restart","10","11.1","10","10","0","0","22.4","87","payment-service","false","SUCCESS","COMPLETED","0"
"EXP-118","2026-08-23T04:20:56.618Z","2026-08-23T04:20:56.636Z","2026-08-23T04:21:07.658Z","payment-service","restart","10","11.02","25","23","2","8","16.04","123","payment-service;order-service","true","SUCCESS","COMPLETED","0"
"EXP-119","2026-08-23T04:21:12.769Z","2026-08-23T04:21:12.792Z","2026-08-23T04:21:23.876Z","payment-service","restart","10","11.08","50","46","4","8","62.64","2512","payment-service;order-service","true","SUCCESS","COMPLETED","0"
"EXP-120","2026-08-23T04:21:28.874Z","2026-08-23T04:21:28.888Z","2026-08-23T04:21:39.872Z","payment-service","restart","10","10.98","100","96","4","4","249.11","2586","payment-service;order-service","true","SUCCESS","COMPLETED","0"
"EXP-121","2026-08-23T04:21:44.981Z","2026-08-23T04:21:45.004Z","2026-08-23T04:22:05.980Z","payment-service","restart","20","20.98","10","10","0","0","18.4","73","payment-service","false","SUCCESS","COMPLETED","0"
"EXP-122","2026-08-23T04:22:11.069Z","2026-08-23T04:22:11.080Z","2026-08-23T04:22:32.031Z","payment-service","restart","20","20.95","25","24","1","4","19.76","78","payment-service;order-service","true","SUCCESS","COMPLETED","0"
"EXP-123","2026-08-23T04:22:37.319Z","2026-08-23T04:22:37.352Z","2026-08-23T04:22:58.753Z","payment-service","restart","20","21.4","50","47","3","6","21.32","117","payment-service;order-service","true","SUCCESS","COMPLETED","0"
"EXP-124","2026-08-23T04:23:03.445Z","2026-08-23T04:23:03.462Z","2026-08-23T04:23:24.533Z","payment-service","restart","20","21.07","100","95","5","5","38.97","2516","payment-service;order-service","true","SUCCESS","COMPLETED","0"
"EXP-125","2026-08-23T04:23:29.593Z","2026-08-23T04:23:29.606Z","2026-08-23T04:24:00.684Z","payment-service","restart","30","31.08","10","10","0","0","26","99","payment-service","false","SUCCESS","COMPLETED","0"
"EXP-126","2026-08-23T04:24:05.718Z","2026-08-23T04:24:05.733Z","2026-08-23T04:24:36.876Z","payment-service","restart","30","31.14","25","24","1","4","16.68","85","payment-service;order-service","true","SUCCESS","COMPLETED","0"
"EXP-127","2026-08-23T04:24:41.843Z","2026-08-23T04:24:41.857Z","2026-08-23T04:25:12.925Z","payment-service","restart","30","31.07","50","49","1","2","35.4","1116","payment-service;order-service","true","SUCCESS","COMPLETED","0"
"EXP-128","2026-08-23T04:25:18.008Z","2026-08-23T04:25:18.026Z","2026-08-23T04:25:49.142Z","payment-service","restart","30","31.12","100","96","4","4","14.03","121","payment-service;order-service","true","SUCCESS","COMPLETED","0"
"EXP-129","2026-08-23T04:25:54.142Z","2026-08-23T04:25:54.164Z","2026-08-23T04:26:55.234Z","payment-service","restart","60","61.07","10","10","0","0","25","85","payment-service","false","SUCCESS","COMPLETED","0"
"EXP-130","2026-08-23T04:27:00.303Z","2026-08-23T04:27:00.322Z","2026-08-23T04:28:01.382Z","payment-service","restart","60","61.06","25","25","0","0","15.68","78","payment-service","false","SUCCESS","COMPLETED","0"
"EXP-131","2026-08-23T04:28:06.434Z","2026-08-23T04:28:06.456Z","2026-08-23T04:29:07.566Z","payment-service","restart","60","61.11","50","49","1","2","14.56","88","payment-service;order-service","true","SUCCESS","COMPLETED","0"
"EXP-132","2026-08-23T04:29:12.579Z","2026-08-23T04:29:12.598Z","2026-08-23T04:30:13.733Z","payment-service","restart","60","61.13","100","98","2","2","13.8","96","payment-service;order-service","true","SUCCESS","COMPLETED","0"
"EXP-133","2026-08-23T04:30:18.711Z","2026-08-23T04:30:18.730Z","2026-08-23T04:30:25.198Z","order-service","stop","5","6.47","10","4","6","60","1424.4","5031","order-service","false","SUCCESS","COMPLETED","0"
"EXP-134","2026-08-23T04:30:29.988Z","2026-08-23T04:30:30.017Z","2026-08-23T04:30:36.045Z","order-service","stop","5","6.03","25","10","15","60","14.16","101","order-service","false","SUCCESS","COMPLETED","0"
"EXP-135","2026-08-23T04:30:41.182Z","2026-08-23T04:30:41.208Z","2026-08-23T04:30:47.260Z","order-service","stop","5","6.05","50","18","32","64","10.38","121","order-service","false","SUCCESS","COMPLETED","0"
"EXP-136","2026-08-23T04:30:52.350Z","2026-08-23T04:30:52.378Z","2026-08-23T04:31:00.331Z","order-service","stop","5","7.95","100","32","68","68","1133.52","5004","order-service","false","SUCCESS","COMPLETED","0"
"EXP-137","2026-08-23T04:31:03.581Z","2026-08-23T04:31:03.604Z","2026-08-23T04:31:14.630Z","order-service","stop","10","11.03","10","4","6","60","15.6","97","order-service","false","SUCCESS","COMPLETED","0"
"EXP-138","2026-08-23T04:31:19.733Z","2026-08-23T04:31:19.755Z","2026-08-23T04:31:32.141Z","order-service","stop","10","12.39","25","7","18","72","10.4","93","order-service","false","SUCCESS","COMPLETED","0"
"EXP-139","2026-08-23T04:31:35.877Z","2026-08-23T04:31:35.899Z","2026-08-23T04:31:47.023Z","order-service","stop","10","11.12","50","13","37","74","9.38","111","order-service","false","SUCCESS","COMPLETED","0"
"EXP-140","2026-08-23T04:31:52.119Z","2026-08-23T04:31:52.141Z","2026-08-23T04:32:04.588Z","order-service","stop","10","12.45","100","21","79","79","679.29","5014","order-service","false","SUCCESS","COMPLETED","0"
"EXP-141","2026-08-23T04:32:08.242Z","2026-08-23T04:32:08.255Z","2026-08-23T04:32:31.096Z","order-service","stop","20","22.84","10","3","7","70","24.2","189","order-service","false","SUCCESS","COMPLETED","0"
"EXP-142","2026-08-23T04:32:34.423Z","2026-08-23T04:32:34.440Z","2026-08-23T04:32:57.314Z","order-service","stop","20","22.87","25","5","20","80","9.04","109","order-service","false","SUCCESS","COMPLETED","0"
"EXP-143","2026-08-23T04:33:00.675Z","2026-08-23T04:33:00.722Z","2026-08-23T04:33:23.603Z","order-service","stop","20","22.88","50","8","42","84","7.54","127","order-service","false","SUCCESS","COMPLETED","0"
"EXP-144","2026-08-23T04:33:26.808Z","2026-08-23T04:33:26.829Z","2026-08-23T04:33:49.627Z","order-service","stop","20","22.8","100","15","85","85","395.54","5015","order-service","false","SUCCESS","COMPLETED","0"
"EXP-145","2026-08-23T04:33:53.048Z","2026-08-23T04:33:53.088Z","2026-08-23T04:34:26.152Z","order-service","stop","30","33.06","10","2","8","80","9.1","39","order-service","false","SUCCESS","COMPLETED","0"
"EXP-146","2026-08-23T04:34:29.252Z","2026-08-23T04:34:29.289Z","2026-08-23T04:35:02.163Z","order-service","stop","30","32.87","25","4","21","84","8.2","90","order-service","false","SUCCESS","COMPLETED","0"
"EXP-147","2026-08-23T04:35:05.385Z","2026-08-23T04:35:05.408Z","2026-08-23T04:35:38.235Z","order-service","stop","30","32.83","50","6","44","88","407.58","5005","order-service","false","SUCCESS","COMPLETED","0"
"EXP-148","2026-08-23T04:35:41.521Z","2026-08-23T04:35:41.540Z","2026-08-23T04:36:14.422Z","order-service","stop","30","32.88","100","11","89","89","5.09","105","order-service","false","SUCCESS","COMPLETED","0"
"EXP-149","2026-08-23T04:36:17.671Z","2026-08-23T04:36:17.696Z","2026-08-23T04:37:20.604Z","order-service","stop","60","62.91","10","2","8","80","6.1","20","order-service","false","SUCCESS","COMPLETED","0"
"EXP-150","2026-08-23T04:37:23.861Z","2026-08-23T04:37:23.891Z","2026-08-23T04:38:26.723Z","order-service","stop","60","62.83","25","3","22","88","11.44","132","order-service","false","SUCCESS","COMPLETED","0"
"EXP-151","2026-08-23T05:10:14.737Z","2026-08-23T05:10:14.866Z","2026-08-23T05:10:45.111Z","payment-service","latency","30","30.25","11","2","9","81.82","1668.64","2005","payment-service;order-service","true","SUCCESS","COMPLETED","2000"
"EXP-152","2026-08-23T05:16:09.918Z","2026-08-23T05:16:10.023Z","2026-08-23T05:16:15.064Z","payment-service","latency","5","5.04","10","10","0","0","218.3","520","payment-service","false","SUCCESS","COMPLETED","500"
"EXP-153","2026-08-23T05:16:21.029Z","2026-08-23T05:16:21.055Z","2026-08-23T05:16:26.611Z","order-service","latency","5","5.56","10","10","0","0","413.8","1013","order-service","false","SUCCESS","COMPLETED","1000"
"EXP-154","2026-08-23T05:16:32.158Z","2026-08-23T05:16:32.178Z","2026-08-23T05:16:38.692Z","notification-service","latency","5","6.51","10","10","0","0","814","2017","notification-service","false","SUCCESS","COMPLETED","2000"
"EXP-155","2026-08-23T05:16:43.277Z","2026-08-23T05:16:43.296Z","2026-08-23T05:16:49.812Z","payment-service","latency","5","6.52","10","6","4","40","1210","3011","payment-service;order-service","true","SUCCESS","COMPLETED","5000"
"EXP-156","2026-08-23T05:16:54.396Z","2026-08-23T05:16:54.413Z","2026-08-23T05:17:00.930Z","order-service","latency","5","6.52","10","10","0","0","816.2","2018","order-service","false","SUCCESS","COMPLETED","2000"
