configuredFailureDuration,actualRecoveryDuration,totalRequests,successfulRequests,failedRequests,errorRate,averageResponseTime,peakResponseTime,injectedLatencyMilliseconds,targetService_notification-service,targetService_order-service,targetService_payment-service,failureType_latency,failureType_restart,failureType_stop,cascadingFailure
30,32.9,10,2,8,80.0,1633.5,2005,0,0.0,0.0,1.0,0.0,0.0,1.0,1
10,13.38,10,1,9,90.0,1629.1,2015,0,0.0,0.0,1.0,0.0,0.0,1.0,1
10,11.32,10,1,9,90.0,1440.2,2004,0,0.0,0.0,1.0,0.0,0.0,1.0,1
20,21.19,10,1,9,90.0,1441.4,2003,0,0.0,0.0,1.0,0.0,0.0,1.0,1
30,31.36,10,1,9,90.0,1458.8,2001,0,0.0,0.0,1.0,0.0,0.0,1.0,1
10,12.99,10,3,7,70.0,1573.8,2003,0,0.0,1.0,0.0,0.0,0.0,1.0,0
20,22.84,10,2,8,80.0,1604.9,2001,0,0.0,1.0,0.0,0.0,0.0,1.0,0
10,12.05,10,3,7,70.0,1490.3,2006,0,1.0,0.0,0.0,0.0,0.0,1.0,1
20,23.14,10,2,8,80.0,1635.4,2003,0,1.0,0.0,0.0,0.0,0.0,1.0,1
10,11.05,10,10,0,0.0,46.8,61,0,0.0,0.0,1.0,0.0,1.0,0.0,0
20,21.08,10,10,0,0.0,37.5,52,0,0.0,0.0,1.0,0.0,1.0,0.0,0
10,11.0,10,10,0,0.0,50.5,62,0,0.0,1.0,0.0,0.0,1.0,0.0,0
20,21.13,10,10,0,0.0,49.8,64,0,0.0,1.0,0.0,0.0,1.0,0.0,0
10,11.08,10,10,0,0.0,41.0,50,0,1.0,0.0,0.0,0.0,1.0,0.0,0
20,21.07,10,10,0,0.0,68.6,91,0,1.0,0.0,0.0,0.0,1.0,0.0,0
10,11.3,10,1,9,90.0,1432.7,2002,0,0.0,0.0,1.0,0.0,0.0,1.0,1
10,11.01,10,1,9,90.0,1363.1,2002,0,0.0,1.0,0.0,0.0,0.0,1.0,0
10,11.38,10,1,9,90.0,1450.9,2001,0,1.0,0.0,0.0,0.0,0.0,1.0,1
10,11.03,10,10,0,0.0,45.2,62,0,0.0,0.0,1.0,0.0,1.0,0.0,0
10,10.99,10,10,0,0.0,37.5,49,0,0.0,1.0,0.0,0.0,1.0,0.0,0
10,11.02,10,10,0,0.0,40.0,60,0,1.0,0.0,0.0,0.0,1.0,0.0,0
20,21.11,10,1,9,90.0,1435.8,2001,0,0.0,0.0,1.0,0.0,0.0,1.0,1
5,8.43,10,2,8,80.0,1642.6,2004,0,0.0,0.0,1.0,0.0,0.0,1.0,1
5,7.47,10,3,7,70.0,1574.3,2003,0,0.0,0.0,1.0,0.0,0.0,1.0,1
5,7.47,10,3,7,70.0,1571.4,2002,0,0.0,0.0,1.0,0.0,0.0,1.0,1
5,7.55,10,3,7,70.0,1578.7,2003,0,0.0,0.0,1.0,0.0,0.0,1.0,1
10,12.06,10,5,5,50.0,1750.5,3007,0,0.0,0.0,1.0,0.0,0.0,1.0,1
5,7.63,10,3,7,70.0,1591.8,2005,0,0.0,0.0,1.0,0.0,0.0,1.0,1
5,7.49,10,3,7,70.0,1568.9,2002,0,0.0,0.0,1.0,0.0,0.0,1.0,1
5,7.47,10,3,7,70.0,1569.8,2001,0,0.0,0.0,1.0,0.0,0.0,1.0,1
5,7.45,10,3,7,70.0,1571.4,2002,0,0.0,0.0,1.0,0.0,0.0,1.0,1
10,12.1,10,3,7,70.0,1532.2,2003,0,0.0,0.0,1.0,0.0,0.0,1.0,1
5,7.67,10,3,7,70.0,1591.3,2002,0,0.0,0.0,1.0,0.0,0.0,1.0,1
5,7.44,10,3,7,70.0,1571.3,2002,0,0.0,0.0,1.0,0.0,0.0,1.0,1
5,7.47,10,3,7,70.0,1571.7,2001,0,0.0,0.0,1.0,0.0,0.0,1.0,1
5,7.6,10,3,7,70.0,1584.1,2002,0,0.0,0.0,1.0,0.0,0.0,1.0,1
10,12.06,10,3,7,70.0,1530.0,2002,0,0.0,0.0,1.0,0.0,0.0,1.0,1
10,11.67,10,3,7,70.0,1491.5,2002,0,0.0,0.0,1.0,0.0,0.0,1.0,1
10,11.24,10,1,9,90.0,1418.7,2002,0,0.0,0.0,1.0,0.0,0.0,1.0,1
10,11.08,10,1,9,90.0,1386.6,2002,0,0.0,0.0,1.0,0.0,0.0,1.0,1
20,21.21,10,1,9,90.0,1447.1,2002,0,0.0,0.0,1.0,0.0,0.0,1.0,1
20,21.32,10,1,9,90.0,1458.4,2002,0,0.0,0.0,1.0,0.0,0.0,1.0,1
20,22.85,10,2,8,80.0,1611.1,2002,0,0.0,0.0,1.0,0.0,0.0,1.0,1
20,21.82,10,3,7,70.0,1507.3,2002,0,0.0,0.0,1.0,0.0,0.0,1.0,1
30,31.0,10,1,9,90.0,1420.9,2002,0,0.0,0.0,1.0,0.0,0.0,1.0,1
30,32.32,10,3,7,70.0,1558.6,2002,0,0.0,0.0,1.0,0.0,0.0,1.0,1
30,31.7,10,3,7,70.0,1491.7,2002,0,0.0,0.0,1.0,0.0,0.0,1.0,1
30,31.95,10,3,7,70.0,1518.6,2002,0,0.0,0.0,1.0,0.0,0.0,1.0,1
60,62.89,10,2,8,80.0,1611.7,2002,0,0.0,0.0,1.0,0.0,0.0,1.0,1
60,61.09,10,1,9,90.0,1436.2,2002,0,0.0,0.0,1.0,0.0,0.0,1.0,1
60,62.39,10,3,7,70.0,1561.6,2001,0,0.0,0.0,1.0,0.0,0.0,1.0,1
60,61.44,10,1,9,90.0,1469.2,2001,0,0.0,0.0,1.0,0.0,0.0,1.0,1
5,6.06,10,10,0,0.0,52.1,73,0,0.0,0.0,1.0,0.0,1.0,0.0,0
5,5.95,10,10,0,0.0,32.5,44,0,0.0,0.0,1.0,0.0,1.0,0.0,0
5,6.12,10,10,0,0.0,35.4,46,0,0.0,0.0,1.0,0.0,1.0,0.0,0
5,5.97,10,10,0,0.0,27.5,36,0,0.0,0.0,1.0,0.0,1.0,0.0,0
10,11.12,10,10,0,0.0,57.9,77,0,0.0,0.0,1.0,0.0,1.0,0.0,0
10,11.02,10,10,0,0.0,34.1,47,0,0.0,0.0,1.0,0.0,1.0,0.0,0
10,11.08,10,10,0,0.0,34.2,44,0,0.0,0.0,1.0,0.0,1.0,0.0,0
10,10.99,10,10,0,0.0,30.5,41,0,0.0,0.0,1.0,0.0,1.0,0.0,0
20,20.98,10,10,0,0.0,34.0,46,0,0.0,0.0,1.0,0.0,1.0,0.0,0
20,21.02,10,10,0,0.0,30.3,41,0,0.0,0.0,1.0,0.0,1.0,0.0,0
20,20.95,10,10,0,0.0,31.9,42,0,0.0,0.0,1.0,0.0,1.0,0.0,0
20,21.02,10,10,0,0.0,30.8,44,0,0.0,0.0,1.0,0.0,1.0,0.0,0
30,31.02,10,10,0,0.0,39.6,48,0,0.0,0.0,1.0,0.0,1.0,0.0,0
30,30.97,10,10,0,0.0,31.9,46,0,0.0,0.0,1.0,0.0,1.0,0.0,0
30,31.1,10,10,0,0.0,49.2,63,0,0.0,0.0,1.0,0.0,1.0,0.0,0
30,31.03,10,10,0,0.0,46.7,64,0,0.0,0.0,1.0,0.0,1.0,0.0,0
60,61.13,10,10,0,0.0,45.4,56,0,0.0,0.0,1.0,0.0,1.0,0.0,0
60,61.0,10,10,0,0.0,55.6,80,0,0.0,0.0,1.0,0.0,1.0,0.0,0
60,61.03,10,10,0,0.0,36.4,46,0,0.0,0.0,1.0,0.0,1.0,0.0,0
60,60.99,10,10,0,0.0,29.2,39,0,0.0,0.0,1.0,0.0,1.0,0.0,0
5,6.37,10,1,9,90.0,1251.6,2001,0,0.0,1.0,0.0,0.0,0.0,1.0,0
5,6.03,10,1,9,90.0,1243.3,2001,0,0.0,1.0,0.0,0.0,0.0,1.0,0
5,6.02,10,1,9,90.0,1250.3,2002,0,0.0,1.0,0.0,0.0,0.0,1.0,0
5,5.98,10,1,9,90.0,1250.5,2002,0,0.0,1.0,0.0,0.0,0.0,1.0,0
10,10.96,10,1,9,90.0,1359.1,2001,0,0.0,1.0,0.0,0.0,0.0,1.0,0
10,11.0,10,1,9,90.0,1361.8,2002,0,0.0,1.0,0.0,0.0,0.0,1.0,0
10,10.96,10,1,9,90.0,1362.2,2001,0,0.0,1.0,0.0,0.0,0.0,1.0,0
10,12.32,10,3,7,70.0,1558.5,2001,0,0.0,1.0,0.0,0.0,0.0,1.0,0
20,22.77,10,2,8,80.0,1603.3,2001,0,0.0,1.0,0.0,0.0,0.0,1.0,0
20,22.79,10,2,8,80.0,1612.8,2001,0,0.0,1.0,0.0,0.0,0.0,1.0,0
20,22.77,10,2,8,80.0,1603.0,2001,0,0.0,1.0,0.0,0.0,0.0,1.0,0
20,22.76,10,2,8,80.0,1603.2,2001,0,0.0,1.0,0.0,0.0,0.0,1.0,0
30,32.88,10,2,8,80.0,1610.7,2001,0,0.0,1.0,0.0,0.0,0.0,1.0,0
30,32.78,10,2,8,80.0,1603.4,2002,0,0.0,1.0,0.0,0.0,0.0,1.0,0
30,32.77,10,2,8,80.0,1602.9,2001,0,0.0,1.0,0.0,0.0,0.0,1.0,0
30,32.81,10,2,8,80.0,1603.8,2001,0,0.0,1.0,0.0,0.0,0.0,1.0,0
60,62.88,10,2,8,80.0,1610.9,2002,0,0.0,1.0,0.0,0.0,0.0,1.0,0
60,62.79,10,2,8,80.0,1603.8,2002,0,0.0,1.0,0.0,0.0,0.0,1.0,0
60,62.78,10,2,8,80.0,1603.7,2002,0,0.0,1.0,0.0,0.0,0.0,1.0,0
60,62.87,10,2,8,80.0,1611.1,2001,0,0.0,1.0,0.0,0.0,0.0,1.0,0
5,8.54,10,5,5,50.0,1565.4,3017,0,0.0,0.0,1.0,0.0,0.0,1.0,1
5,7.42,25,15,10,40.0,1531.96,3025,0,0.0,0.0,1.0,0.0,0.0,1.0,1
5,7.52,50,29,21,42.0,1565.48,3027,0,0.0,0.0,1.0,0.0,0.0,1.0,1
5,7.68,100,55,45,45.0,1633.7,3023,0,0.0,0.0,1.0,0.0,0.0,1.0,1
10,12.03,10,5,5,50.0,1746.9,3007,0,0.0,0.0,1.0,0.0,0.0,1.0,1
10,11.69,25,12,13,52.0,1782.72,3008,0,0.0,0.0,1.0,0.0,0.0,1.0,1
10,11.24,50,13,37,74.0,1767.86,3007,0,0.0,0.0,1.0,0.0,0.0,1.0,1
10,11.08,100,26,74,74.0,1768.61,3009,0,0.0,0.0,1.0,0.0,0.0,1.0,1
20,21.27,10,3,7,70.0,1995.7,3005,0,0.0,0.0,1.0,0.0,0.0,1.0,1
20,21.37,25,5,20,80.0,2240.64,3009,0,0.0,0.0,1.0,0.0,0.0,1.0,1
20,23.0,50,11,39,78.0,2447.98,3012,0,0.0,0.0,1.0,0.0,0.0,1.0,1
20,22.94,100,22,78,78.0,2481.31,3100,0,0.0,0.0,1.0,0.0,0.0,1.0,1
30,32.58,10,2,8,80.0,2225.5,3023,0,0.0,0.0,1.0,0.0,0.0,1.0,1
30,32.49,25,3,22,88.0,2459.28,3012,0,0.0,0.0,1.0,0.0,0.0,1.0,1
30,31.02,50,6,44,88.0,2461.54,3009,0,0.0,0.0,1.0,0.0,0.0,1.0,1
30,31.67,100,19,81,81.0,2493.32,3023,0,0.0,0.0,1.0,0.0,0.0,1.0,1
60,62.96,10,2,8,80.0,2411.7,3018,0,0.0,0.0,1.0,0.0,0.0,1.0,1
60,61.22,25,4,21,84.0,2631.04,3011,0,0.0,0.0,1.0,0.0,0.0,1.0,1
60,61.18,50,4,46,92.0,2674.7,3010,0,0.0,0.0,1.0,0.0,0.0,1.0,1
60,61.31,100,7,93,93.0,2695.4,3010,0,0.0,0.0,1.0,0.0,0.0,1.0,1
5,5.95,10,9,1,10.0,19.2,91,0,0.0,0.0,1.0,0.0,1.0,0.0,1
5,5.96,25,22,3,12.0,112.52,2506,0,0.0,0.0,1.0,0.0,1.0,0.0,1
5,5.96,50,44,6,12.0,60.64,2508,0,0.0,0.0,1.0,0.0,1.0,0.0,1
5,6.02,100,92,8,8.0,380.79,2511,0,0.0,0.0,1.0,0.0,1.0,0.0,1
10,11.1,10,10,0,0.0,22.4,87,0,0.0,0.0,1.0,0.0,1.0,0.0,0
10,11.02,25,23,2,8.0,16.04,123,0,0.0,0.0,1.0,0.0,1.0,0.0,1
10,11.08,50,46,4,8.0,62.64,2512,0,0.0,0.0,1.0,0.0,1.0,0.0,1
10,10.98,100,96,4,4.0,249.11,2586,0,0.0,0.0,1.0,0.0,1.0,0.0,1
20,20.98,10,10,0,0.0,18.4,73,0,0.0,0.0,1.0,0.0,1.0,0.0,0
20,20.95,25,24,1,4.0,19.76,78,0,0.0,0.0,1.0,0.0,1.0,0.0,1
20,21.4,50,47,3,6.0,21.32,117,0,0.0,0.0,1.0,0.0,1.0,0.0,1
20,21.07,100,95,5,5.0,38.97,2516,0,0.0,0.0,1.0,0.0,1.0,0.0,1
30,31.08,10,10,0,0.0,26.0,99,0,0.0,0.0,1.0,0.0,1.0,0.0,0
30,31.14,25,24,1,4.0,16.68,85,0,0.0,0.0,1.0,0.0,1.0,0.0,1
30,31.07,50,49,1,2.0,35.4,1116,0,0.0,0.0,1.0,0.0,1.0,0.0,1
30,31.12,100,96,4,4.0,14.03,121,0,0.0,0.0,1.0,0.0,1.0,0.0,1
60,61.07,10,10,0,0.0,25.0,85,0,0.0,0.0,1.0,0.0,1.0,0.0,0
60,61.06,25,25,0,0.0,15.68,78,0,0.0,0.0,1.0,0.0,1.0,0.0,0
60,61.11,50,49,1,2.0,14.56,88,0,0.0,0.0,1.0,0.0,1.0,0.0,1
60,61.13,100,98,2,2.0,13.8,96,0,0.0,0.0,1.0,0.0,1.0,0.0,1
5,6.47,10,4,6,60.0,1424.4,5031,0,0.0,1.0,0.0,0.0,0.0,1.0,0
5,6.03,25,10,15,60.0,14.16,101,0,0.0,1.0,0.0,0.0,0.0,1.0,0
5,6.05,50,18,32,64.0,10.38,121,0,0.0,1.0,0.0,0.0,0.0,1.0,0
5,7.95,100,32,68,68.0,1133.52,5004,0,0.0,1.0,0.0,0.0,0.0,1.0,0
10,11.03,10,4,6,60.0,15.6,97,0,0.0,1.0,0.0,0.0,0.0,1.0,0
10,12.39,25,7,18,72.0,10.4,93,0,0.0,1.0,0.0,0.0,0.0,1.0,0
10,11.12,50,13,37,74.0,9.38,111,0,0.0,1.0,0.0,0.0,0.0,1.0,0
10,12.45,100,21,79,79.0,679.29,5014,0,0.0,1.0,0.0,0.0,0.0,1.0,0
20,22.84,10,3,7,70.0,24.2,189,0,0.0,1.0,0.0,0.0,0.0,1.0,0
20,22.87,25,5,20,80.0,9.04,109,0,0.0,1.0,0.0,0.0,0.0,1.0,0
20,22.88,50,8,42,84.0,7.54,127,0,0.0,1.0,0.0,0.0,0.0,1.0,0
20,22.8,100,15,85,85.0,395.54,5015,0,0.0,1.0,0.0,0.0,0.0,1.0,0
30,33.06,10,2,8,80.0,9.1,39,0,0.0,1.0,0.0,0.0,0.0,1.0,0
30,32.87,25,4,21,84.0,8.2,90,0,0.0,1.0,0.0,0.0,0.0,1.0,0
30,32.83,50,6,44,88.0,407.58,5005,0,0.0,1.0,0.0,0.0,0.0,1.0,0
30,32.88,100,11,89,89.0,5.09,105,0,0.0,1.0,0.0,0.0,0.0,1.0,0
60,62.91,10,2,8,80.0,6.1,20,0,0.0,1.0,0.0,0.0,0.0,1.0,0
60,62.83,25,3,22,88.0,11.44,132,0,0.0,1.0,0.0,0.0,0.0,1.0,0
30,30.25,11,2,9,81.82,1668.64,2005,2000,0.0,0.0,1.0,1.0,0.0,0.0,1
5,5.04,10,10,0,0.0,218.3,520,500,0.0,0.0,1.0,1.0,0.0,0.0,0
5,5.56,10,10,0,0.0,413.8,1013,1000,0.0,1.0,0.0,1.0,0.0,0.0,0
5,6.51,10,10,0,0.0,814.0,2017,2000,1.0,0.0,0.0,1.0,0.0,0.0,0
5,6.52,10,6,4,40.0,1210.0,3011,5000,0.0,0.0,1.0,1.0,0.0,0.0,1
5,6.52,10,10,0,0.0,816.2,2018,2000,0.0,1.0,0.0,1.0,0.0,0.0,0
